timestamp_s,x,y,z
1403638129.141268730,4.614838,-1.800945,0.686504
1403638129.192268848,4.614800,-1.801041,0.686500
1403638129.290268898,4.614965,-1.800750,0.686791
1403638129.342268705,4.614362,-1.799906,0.687674
1403638129.393268824,4.613615,-1.799618,0.688975
1403638129.442268848,4.613598,-1.800628,0.691125
1403638129.493268728,4.615115,-1.803771,0.694373
1403638129.543268919,4.619818,-1.810345,0.698678
1403638129.640268803,4.623245,-1.819710,0.708336
1403638129.739268780,4.626018,-1.816342,0.716843
1403638129.794268847,4.626503,-1.811499,0.721350
1403638129.843268871,4.622061,-1.805658,0.726599
1403638129.894268751,4.620886,-1.802754,0.732299
1403638129.943268776,4.620818,-1.802692,0.738308
1403638130.043268919,4.621533,-1.801914,0.754143
1403638130.140268803,4.621922,-1.796433,0.777302
1403638130.190268755,4.621745,-1.794626,0.792641
1403638130.241268873,4.621240,-1.794405,0.810232
1403638130.291268826,4.620377,-1.795232,0.828613
1403638130.341268778,4.620646,-1.796159,0.848125
1403638130.391268730,4.621406,-1.795701,0.867890
1403638130.441268921,4.621499,-1.794126,0.888134
1403638130.493268728,4.621457,-1.792862,0.908947
1403638130.542268753,4.621596,-1.793587,0.929484
1403638130.592268705,4.622522,-1.795095,0.950873
1403638130.643268824,4.622622,-1.795505,0.971614
1403638130.690268755,4.621979,-1.794459,0.991105
1403638130.794268847,4.619481,-1.789823,1.032035
1403638130.844268799,4.618308,-1.789407,1.051145
1403638130.895268917,4.617498,-1.790654,1.070348
1403638130.942268848,4.617314,-1.792547,1.088212
1403638131.040268898,4.619474,-1.797004,1.121102
1403638131.095268726,4.620010,-1.798639,1.135670
1403638131.140268803,4.619824,-1.800909,1.144638
1403638131.192268848,4.618781,-1.804652,1.150108
1403638131.240268707,4.618245,-1.808876,1.150635
1403638131.591268778,4.620049,-1.801696,1.074491
1403638131.692268848,4.618883,-1.804423,1.039707
1403638131.742268801,4.618672,-1.805711,1.021360
1403638131.792268753,4.618187,-1.806926,1.000886
1403638131.892268896,4.618039,-1.809447,0.960338
1403638131.942268848,4.617871,-1.811437,0.938282
1403638131.994268894,4.615633,-1.812476,0.914847
1403638132.043268919,4.617105,-1.814955,0.891898
1403638132.092268705,4.615952,-1.816251,0.870936
1403638132.143268824,4.614642,-1.817844,0.850361
1403638132.193268776,4.613885,-1.818817,0.832554
1403638132.243268728,4.613245,-1.818493,0.819866
1403638132.293268919,4.612647,-1.817159,0.812285
1403638132.343268871,4.613044,-1.815932,0.811711
1403638132.842268705,4.609912,-1.830141,1.040488
1403638132.940268755,4.610918,-1.826025,1.079186
1403638132.994268894,4.608630,-1.821729,1.094900
1403638133.042268753,4.605202,-1.818892,1.104623
1403638133.091268778,4.601307,-1.819047,1.110268
1403638133.141268730,4.597831,-1.819863,1.111250
1403638133.191268921,4.596831,-1.821766,1.108336
1403638133.341268778,4.623972,-1.832180,1.083377
1403638133.491268873,4.636022,-1.843018,1.050371
1403638133.540268898,4.652105,-1.853878,1.038039
1403638133.594268799,4.662169,-1.863359,1.025201
1403638133.640268803,4.674075,-1.874093,1.014404
1403638133.740268707,4.699361,-1.902842,0.994269
1403638133.793268919,4.711814,-1.920403,0.984833
1403638133.840268850,4.724458,-1.937689,0.976455
1403638133.894268751,4.749431,-1.961333,0.965961
1403638133.940268755,4.758541,-1.976634,0.958210
1403638133.991268873,4.765515,-1.991466,0.949419
1403638134.042268753,4.771518,-2.003277,0.940442
1403638134.091268778,4.778786,-2.012136,0.931886
1403638134.140268803,4.785523,-2.017289,0.924211
1403638134.192268848,4.791295,-2.017411,0.918188
1403638134.240268707,4.797969,-2.013307,0.914012
1403638134.290268898,4.800955,-2.002873,0.911656
1403638134.340268850,4.799327,-1.985633,0.911069
1403638134.390268803,4.799541,-1.966680,0.911305
1403638134.493268728,4.798208,-1.925239,0.913957
1403638134.540268898,4.797417,-1.903256,0.915520
1403638134.592268705,4.796766,-1.877916,0.916994
1403638134.644268751,4.793502,-1.850654,0.918426
1403638134.693268776,4.780120,-1.821654,0.920778
1403638134.794268847,4.769253,-1.776965,0.922889
1403638134.844268799,4.760137,-1.755701,0.924338
1403638134.890268803,4.750438,-1.736101,0.926481
1403638134.942268848,4.739975,-1.715661,0.929033
1403638134.993268728,4.729227,-1.696094,0.932253
1403638135.040268898,4.717082,-1.677582,0.936254
1403638135.092268705,4.689767,-1.654704,0.943617
1403638135.141268730,4.677286,-1.640168,0.948181
1403638135.241268873,4.656355,-1.616283,0.953058
1403638135.290268898,4.647362,-1.605484,0.953433
1403638135.342268705,4.638896,-1.595640,0.952145
1403638135.393268824,4.631415,-1.588606,0.949430
1403638135.441268921,4.621125,-1.583534,0.946692
1403638135.541268826,4.618184,-1.588502,0.936475
1403638135.592268705,4.618174,-1.595640,0.930415
1403638135.642268896,4.618615,-1.604590,0.924598
1403638135.740268707,4.625103,-1.625368,0.915152
1403638135.792268753,4.639706,-1.640408,0.912112
1403638135.842268705,4.646651,-1.653973,0.912139
1403638135.892268896,4.653712,-1.670094,0.912048
1403638135.940268755,4.662915,-1.688723,0.910958
1403638135.992268801,4.669725,-1.707727,0.909334
1403638136.043268919,4.675656,-1.726007,0.907539
1403638136.094268799,4.688396,-1.746041,0.905657
1403638136.141268730,4.691507,-1.761136,0.906873
1403638136.194268703,4.694271,-1.778031,0.911051
1403638136.242268801,4.710231,-1.800059,0.916205
1403638136.339268923,4.710114,-1.836959,0.934751
1403638136.393268824,4.727548,-1.866104,0.941198
1403638136.443268776,4.736565,-1.890825,0.944856
1403638136.543268919,4.747830,-1.932574,0.943974
1403638136.593268871,4.754039,-1.950773,0.939885
1403638136.643268824,4.757373,-1.965264,0.935736
1403638136.693268776,4.759855,-1.976785,0.932641
1403638136.739268780,4.762137,-1.984099,0.931599
1403638136.791268826,4.763151,-1.987517,0.933781
1403638136.842268705,4.761764,-1.986828,0.938049
1403638136.891268730,4.754911,-1.981277,0.943496
1403638136.941268921,4.747164,-1.972991,0.950263
1403638137.041268826,4.731078,-1.949930,0.964038
1403638137.091268778,4.722650,-1.937238,0.968339
1403638137.141268730,4.712993,-1.923823,0.968891
1403638137.192268848,4.701389,-1.908686,0.965395
1403638137.443268776,4.638078,-1.827201,0.898734
1403638137.543268919,4.627401,-1.807984,0.859735
1403638137.593268871,4.619254,-1.799720,0.840453
1403638137.643268824,4.612702,-1.792695,0.821213
1403638137.690268755,4.602682,-1.784232,0.804619
1403638137.741268873,4.599192,-1.778092,0.787513
1403638137.792268753,4.595817,-1.771948,0.771576
1403638137.841268778,4.593280,-1.767358,0.758217
1403638137.890268803,4.590264,-1.764316,0.745823
1403638137.941268921,4.587841,-1.763222,0.735191
1403638137.991268873,4.586313,-1.763061,0.725713
1403638138.040268898,4.585100,-1.762656,0.717654
1403638138.090268850,4.582586,-1.760734,0.711334
1403638138.142268896,4.582409,-1.758746,0.705887
1403638138.242268801,4.580739,-1.754133,0.698605
1403638138.293268919,4.580489,-1.753470,0.695732
1403638138.343268871,4.578879,-1.754002,0.693905
1403638138.392268896,4.578737,-1.756668,0.692737
1403638138.443268776,4.578933,-1.758055,0.690714
1403638138.543268919,4.576787,-1.759921,0.688772
1403638138.596268892,4.576165,-1.761240,0.688130
1403638138.643268824,4.574627,-1.762131,0.687514
1403638138.692268848,4.574567,-1.762262,0.687463
1403638138.743268728,4.574597,-1.762191,0.687474
1403638138.792268753,4.574584,-1.762189,0.687401
1403638138.842268705,4.574525,-1.762299,0.687304
1403638138.892268896,4.574538,-1.762251,0.687277
1403638138.994268894,4.574543,-1.762209,0.687213
1403638139.043268919,4.574517,-1.762254,0.687164
1403638139.095268726,4.574575,-1.762118,0.687192
1403638139.143268824,4.574625,-1.762023,0.687271
1403638139.194268703,4.574569,-1.762135,0.687197
1403638139.294268847,4.574598,-1.762071,0.687224
1403638139.344268799,4.574596,-1.762070,0.687206
1403638139.394268751,4.574559,-1.762151,0.687176
1403638139.446268797,4.574595,-1.762080,0.687225
1403638139.496268749,4.574596,-1.762072,0.687213
1403638139.642268896,4.574593,-1.762070,0.687192
1403638139.742268801,4.574582,-1.762111,0.687220
1403638139.794268847,4.574591,-1.762098,0.687241
1403638139.846268892,4.574584,-1.762118,0.687244
1403638139.897268772,4.574596,-1.762089,0.687252
1403638139.944268703,4.574604,-1.762081,0.687278
1403638139.995268822,4.574609,-1.762071,0.687283
1403638140.045268774,4.574595,-1.762098,0.687262
1403638140.097268820,4.574608,-1.762079,0.687298
1403638140.144268751,4.574619,-1.762058,0.687315
1403638140.194268703,4.574600,-1.762083,0.687259
1403638140.244268894,4.574601,-1.762085,0.687268
1403638140.296268940,4.574620,-1.762048,0.687297
1403638140.342268705,4.574619,-1.762056,0.687305
1403638140.394268751,4.574610,-1.762076,0.687302
1403638140.443268776,4.574616,-1.762052,0.687284
1403638140.494268894,4.574620,-1.762053,0.687306
1403638140.544268847,4.574608,-1.762083,0.687305
1403638140.595268726,4.574604,-1.762082,0.687282
1403638140.644268751,4.574609,-1.762071,0.687285
1403638140.696268797,4.574616,-1.762052,0.687283
1403638140.793268919,4.574623,-1.762044,0.687307
1403638140.844268799,4.574608,-1.762073,0.687284
1403638140.893268824,4.574623,-1.762036,0.687285
1403638140.942268848,4.574613,-1.762070,0.687306
1403638140.993268728,4.574616,-1.762054,0.687284
1403638141.043268919,4.574606,-1.762085,0.687298
1403638141.094268799,4.574613,-1.762061,0.687285
1403638141.144268751,4.574627,-1.762043,0.687323
1403638141.194268703,4.574629,-1.762019,0.687286
1403638141.244268894,4.574626,-1.762027,0.687283
1403638141.295268774,4.574627,-1.762026,0.687289
1403638141.346268892,4.574625,-1.762041,0.687308
1403638141.396268845,4.574609,-1.762070,0.687284
1403638141.445268869,4.574605,-1.762079,0.687275
1403638141.545268774,4.574640,-1.762013,0.687332
1403638141.595268726,4.574630,-1.762027,0.687306
1403638141.645268917,4.574614,-1.762058,0.687284
1403638141.745268822,4.574625,-1.762040,0.687306
1403638141.796268940,4.574630,-1.762031,0.687316
1403638141.845268726,4.574627,-1.762027,0.687292
1403638141.896268845,4.574610,-1.762068,0.687285
1403638141.946268797,4.574630,-1.762033,0.687319
1403638141.996268749,4.574629,-1.762037,0.687324
1403638142.046268940,4.574621,-1.762042,0.687285
1403638142.095268726,4.574599,-1.762096,0.687282
1403638142.143268824,4.574621,-1.762052,0.687309
1403638142.242268801,4.574604,-1.762095,0.687307
1403638142.295268774,4.574602,-1.762089,0.687283
1403638142.342268705,4.574611,-1.762065,0.687284
1403638142.393268824,4.574621,-1.762062,0.687331
1403638142.442268848,4.574609,-1.762086,0.687315
1403638142.543268919,4.574615,-1.762066,0.687309
1403638142.592268705,4.574628,-1.762033,0.687307
1403638142.642268896,4.574619,-1.762050,0.687295
1403638142.692268848,4.574612,-1.762070,0.687297
1403638142.744268894,4.574622,-1.762039,0.687287
1403638142.794268847,4.574623,-1.762056,0.687331
1403638142.844268799,4.574604,-1.762096,0.687308
1403638142.894268751,4.574629,-1.762022,0.687287
1403638142.993268728,4.574625,-1.762031,0.687286
1403638143.047268867,4.574628,-1.762031,0.687308
1403638143.095268726,4.574618,-1.762052,0.687290
1403638143.144268751,4.574625,-1.762039,0.687306
1403638143.195268869,4.574636,-1.762003,0.687286
1403638143.244268894,4.574619,-1.762053,0.687303
1403638143.296268940,4.574617,-1.762052,0.687290
1403638143.345268726,4.574614,-1.762075,0.687318
1403638143.396268845,4.574615,-1.762072,0.687321
1403638143.446268797,4.574624,-1.762026,0.687269
1403638143.547268867,4.574593,-1.762112,0.687283
1403638143.644268751,4.574620,-1.762042,0.687284
1403638143.694268703,4.574628,-1.762021,0.687286
1403638143.742268801,4.574626,-1.762022,0.687276
1403638143.793268919,4.574624,-1.762040,0.687300
1403638143.844268799,4.574623,-1.762035,0.687286
1403638143.893268824,4.574626,-1.762031,0.687292
1403638143.944268703,4.574627,-1.762028,0.687291
1403638143.994268894,4.574621,-1.762052,0.687309
1403638144.044268847,4.574631,-1.762037,0.687334
1403638144.095268726,4.574623,-1.762035,0.687288
1403638144.146268845,4.574636,-1.762004,0.687289
1403638144.194268703,4.574629,-1.762029,0.687309
1403638144.298268795,4.574620,-1.762046,0.687293
1403638144.342268705,4.574629,-1.762014,0.687272
1403638144.396268845,4.574623,-1.762046,0.687310
1403638144.445268869,4.574619,-1.762045,0.687286
1403638144.497268915,4.574641,-1.761999,0.687307
1403638144.546268940,4.574610,-1.762068,0.687285
1403638144.598268747,4.574643,-1.761992,0.687308
1403638144.644268751,4.574609,-1.762071,0.687287
1403638144.742268801,4.574614,-1.762064,0.687295
1403638144.793268919,4.574618,-1.762053,0.687298
1403638144.844268799,4.574635,-1.762014,0.687309
1403638144.895268917,4.574601,-1.762113,0.687333
1403638144.945268869,4.574624,-1.762040,0.687304
1403638145.044268847,4.574614,-1.762068,0.687307
1403638145.095268726,4.574629,-1.762030,0.687310
1403638145.143268824,4.574621,-1.762049,0.687308
1403638145.195268869,4.574628,-1.762033,0.687308
1403638145.246268749,4.574622,-1.762039,0.687288
1403638145.346268892,4.574628,-1.762026,0.687296
1403638145.396268845,4.574616,-1.762063,0.687304
1403638145.497268915,4.574624,-1.762033,0.687285
1403638145.543268919,4.574617,-1.762049,0.687278
1403638145.596268892,4.574622,-1.762047,0.687309
1403638145.694268703,4.574617,-1.762068,0.687321
1403638145.794268847,4.574619,-1.762063,0.687325
1403638145.846268892,4.574632,-1.762023,0.687313
1403638145.896268845,4.574622,-1.762058,0.687330
1403638145.946268797,4.574628,-1.762035,0.687311
1403638146.046268940,4.574625,-1.762051,0.687329
1403638146.096268892,4.574619,-1.762056,0.687310
1403638146.142268896,4.574617,-1.762068,0.687325
1403638146.192268848,4.574628,-1.762035,0.687310
1403638146.242268801,4.574620,-1.762064,0.687333
1403638146.292268753,4.574631,-1.762036,0.687333
1403638146.343268871,4.574623,-1.762057,0.687330
1403638146.395268917,4.574626,-1.762058,0.687351
1403638146.446268797,4.574627,-1.762055,0.687351
1403638146.543268919,4.574633,-1.762039,0.687347
1403638146.595268726,4.574634,-1.762050,0.687378
1403638146.645268917,4.574639,-1.762031,0.687366
1403638146.696268797,4.574635,-1.762043,0.687369
1403638146.794268847,4.574641,-1.762032,0.687380
1403638146.845268726,4.574644,-1.762028,0.687388
1403638146.895268917,4.574648,-1.762021,0.687394
1403638146.943268776,4.574641,-1.762032,0.687379
1403638146.992268801,4.574643,-1.762036,0.687400
1403638147.042268753,4.574643,-1.762038,0.687402
1403638147.093268871,4.574645,-1.762033,0.687402
1403638147.142268896,4.574650,-1.762031,0.687427
1403638147.192268848,4.574649,-1.762025,0.687413
1403638147.292268753,4.574684,-1.761926,0.687394
1403638147.343268871,4.574697,-1.761879,0.687366
1403638147.393268824,4.574719,-1.761821,0.687361
1403638147.443268776,4.574715,-1.761834,0.687364
1403638147.544268847,4.574732,-1.761807,0.687402
1403638147.595268726,4.574720,-1.761838,0.687407
1403638147.645268917,4.574723,-1.761839,0.687423
1403638147.743268728,4.574613,-1.762160,0.687502
1403638147.794268847,4.574596,-1.762227,0.687552
1403638147.842268705,4.574580,-1.762270,0.687552
1403638147.896268845,4.574686,-1.761959,0.687474
1403638147.944268703,4.574743,-1.761842,0.687540
1403638148.044268847,4.576199,-1.761172,0.688175
1403638148.096268892,4.576783,-1.760131,0.689211
1403638148.144268751,4.578608,-1.759139,0.691233
1403638148.195268869,4.581137,-1.757263,0.695338
1403638148.295268774,4.588031,-1.751421,0.709645
1403638148.346268892,4.592160,-1.748096,0.720037
1403638148.394268751,4.595726,-1.744297,0.732639
1403638148.446268797,4.600912,-1.740777,0.749419
1403638148.497268915,4.605640,-1.737308,0.770678
1403638148.545268774,4.610568,-1.734197,0.794809
1403638148.644268751,4.617242,-1.727413,0.844757
1403638148.694268703,4.620492,-1.723482,0.865225
1403638148.743268728,4.623794,-1.719529,0.878697
1403638148.794268847,4.627360,-1.715601,0.886432
1403638148.844268799,4.632190,-1.711913,0.888249
1403638148.894268751,4.635726,-1.707482,0.886383
1403638148.996268749,4.645036,-1.697677,0.880904
1403638149.046268940,4.649364,-1.691601,0.880657
1403638149.094268799,4.652367,-1.684449,0.883720
1403638149.144268751,4.657046,-1.676746,0.889995
1403638149.193268776,4.662197,-1.668560,0.898783
1403638149.243268728,4.668030,-1.659646,0.911202
1403638149.296268940,4.673754,-1.649288,0.927736
1403638149.394268751,4.686206,-1.628913,0.963614
1403638149.444268703,4.691358,-1.617146,0.982688
1403638149.544268847,4.703075,-1.593813,1.017859
1403638149.594268799,4.708744,-1.581771,1.033801
1403638149.644268751,4.715152,-1.570073,1.048545
1403638149.695268869,4.720566,-1.557712,1.062529
1403638149.746268749,4.725796,-1.545307,1.075185
1403638149.846268892,4.736420,-1.521159,1.095065
1403638149.897268772,4.741050,-1.508705,1.102722
1403638149.995268822,4.749482,-1.484811,1.113563
1403638150.045268774,4.753549,-1.472673,1.117133
1403638150.096268892,4.757553,-1.460295,1.119468
1403638150.143268824,4.761101,-1.448949,1.120471
1403638150.194268703,4.763862,-1.436354,1.120400
1403638150.296268940,4.770211,-1.410370,1.115863
1403638150.344268799,4.771543,-1.397545,1.111532
1403638150.395268917,4.773008,-1.383654,1.105524
1403638150.445268869,4.773360,-1.369512,1.098398
1403638150.495268822,4.769862,-1.353778,1.090352
1403638150.543268919,4.768113,-1.338958,1.082052
1403638150.596268892,4.766844,-1.321681,1.072139
1403638150.644268751,4.765475,-1.304942,1.063583
1403638150.743268728,4.761730,-1.268491,1.051628
1403638150.792268753,4.759539,-1.248145,1.048475
1403638150.843268871,4.756924,-1.225980,1.047661
1403638150.894268751,4.747934,-1.201045,1.049660
1403638150.944268703,4.746771,-1.177942,1.052786
1403638151.044268847,4.744640,-1.127274,1.064200
1403638151.093268871,4.743320,-1.100559,1.071413
1403638151.142268896,4.741864,-1.073488,1.077862
1403638151.193268776,4.741355,-1.045556,1.082940
1403638151.296268940,4.731484,-0.984391,1.090160
1403638151.343268871,4.729151,-0.956319,1.091364
1403638151.397268772,4.727434,-0.923640,1.091048
1403638151.446268797,4.723913,-0.893366,1.089400
1403638151.495268822,4.721271,-0.862213,1.086352
1403638151.547268867,4.718416,-0.830651,1.082295
1403638151.596268892,4.705541,-0.797167,1.078687
1403638151.695268869,4.697267,-0.732609,1.073498
1403638151.743268728,4.690846,-0.701396,1.073319
1403638151.796268940,4.684970,-0.666106,1.074840
1403638151.844268799,4.678589,-0.633715,1.077859
1403638151.895268917,4.673480,-0.598846,1.082551
1403638151.994268894,4.653672,-0.531134,1.097490
1403638152.042268753,4.641177,-0.496854,1.107774
1403638152.093268871,4.634728,-0.461442,1.119654
1403638152.144268751,4.626062,-0.426482,1.133086
1403638152.195268869,4.617311,-0.390513,1.147992
1403638152.295268774,4.586807,-0.318076,1.177111
1403638152.343268871,4.575876,-0.282665,1.188833
1403638152.395268917,4.565676,-0.245662,1.199475
1403638152.445268869,4.554045,-0.208334,1.208075
1403638152.495268822,4.543021,-0.170323,1.214877
1403638152.542268753,4.530474,-0.134888,1.219623
1403638152.594268799,4.517622,-0.096038,1.222675
1403638152.644268751,4.490346,-0.057191,1.224632
1403638152.695268869,4.477615,-0.016989,1.224018
1403638152.794268847,4.448910,0.061543,1.219885
1403638152.844268799,4.433908,0.101996,1.216314
1403638152.895268917,4.417459,0.144112,1.212587
1403638152.944268703,4.400728,0.184779,1.209970
1403638153.044268847,4.352289,0.269380,1.211610
1403638153.097268820,4.334539,0.313383,1.215677
1403638153.145268917,4.317545,0.355822,1.221208
1403638153.196268797,4.300191,0.398960,1.229163
1403638153.245268822,4.282409,0.442840,1.239102
1403638153.295268774,4.263211,0.486876,1.250974
1403638153.345268726,4.231606,0.529782,1.264411
1403638153.395268917,4.213334,0.574133,1.276466
1403638153.496268749,4.176800,0.663952,1.296368
1403638153.547268867,4.158379,0.710290,1.304294
1403638153.644268751,4.111469,0.797768,1.317129
1403638153.697268724,4.091474,0.847916,1.323391
1403638153.744268894,4.071936,0.892860,1.329995
1403638153.794268847,4.052039,0.941661,1.338740
1403638153.845268726,4.030076,0.992166,1.349417
1403638153.895268917,4.008409,1.042753,1.361317
1403638153.944268703,3.985959,1.093359,1.373165
1403638153.995268822,3.963532,1.144636,1.383759
1403638154.046268940,3.931089,1.195151,1.393181
1403638154.097268820,3.906097,1.249052,1.400827
1403638154.145268917,3.881081,1.300186,1.406643
1403638154.199268818,3.854416,1.356585,1.411269
1403638154.294268847,3.803155,1.458581,1.415300
1403638154.343268871,3.775805,1.509230,1.415402
1403638154.392268896,3.747376,1.562914,1.414353
1403638154.443268776,3.718385,1.615560,1.412013
1403638154.543268919,3.654196,1.715910,1.404724
1403638154.594268799,3.622957,1.766995,1.399699
1403638154.643268824,3.591665,1.816165,1.393736
1403638154.694268703,3.559390,1.863187,1.387018
1403638154.796268940,3.488121,1.954069,1.374530
1403638154.842268705,3.456493,1.995286,1.370954
1403638154.895268917,3.421541,2.040883,1.368990
1403638154.944268703,3.387683,2.081361,1.369097
1403638154.994268894,3.352768,2.122351,1.371246
1403638155.044268847,3.317018,2.161575,1.375059
1403638155.095268726,3.273823,2.196376,1.380635
1403638155.147268772,3.236672,2.233576,1.388010
1403638155.195268869,3.199442,2.269763,1.396996
1403638155.295268774,3.121408,2.341997,1.420287
1403638155.392268896,3.041912,2.408127,1.443698
1403638155.444268703,2.991651,2.435813,1.454478
1403638155.543268919,2.907148,2.498107,1.470027
1403638155.644268751,2.817809,2.558555,1.479193
1403638155.693268776,2.773411,2.587612,1.481316
1403638155.743268728,2.718107,2.603901,1.481916
1403638155.794268847,2.670840,2.629600,1.481199
1403638155.844268799,2.624655,2.653224,1.479154
1403638155.896268845,2.578113,2.677662,1.476189
1403638155.942268848,2.532813,2.695867,1.472190
1403638155.995268822,2.484065,2.716448,1.466873
1403638156.043268919,2.437474,2.732844,1.460928
1403638156.093268871,2.391472,2.749271,1.454176
1403638156.144268751,2.333542,2.751456,1.447866
1403638156.195268869,2.286932,2.766895,1.442473
1403638156.294268847,2.195850,2.791410,1.437239
1403638156.343268871,2.150171,2.802840,1.437599
1403638156.394268751,2.104734,2.814728,1.440227
1403638156.446268797,2.050379,2.813929,1.445148
1403638156.546268940,1.961807,2.837766,1.457325
1403638156.594268799,1.917536,2.848674,1.462758
1403638156.646268845,1.873027,2.862661,1.466821
1403638156.697268724,1.827151,2.875610,1.469236
1403638156.742268801,1.785322,2.886498,1.470019
1403638156.795268774,1.733554,2.893419,1.469267
1403638156.846268892,1.689281,2.907903,1.466916
1403638156.898268938,1.643768,2.924655,1.463406
1403638156.994268894,1.557021,2.958030,1.452238
1403638157.043268919,1.513090,2.976131,1.445095
1403638157.095268726,1.466946,2.994530,1.436986
1403638157.142268896,1.423187,3.012093,1.429684
1403638157.194268703,1.376694,3.034571,1.423380
1403638157.295268774,1.286143,3.079281,1.416360
1403638157.343268871,1.241599,3.101791,1.415293
1403638157.395268917,1.193456,3.127076,1.415991
1403638157.445268869,1.147077,3.152966,1.418449
1403638157.548268795,1.055446,3.216637,1.428038
1403638157.594268799,1.012224,3.244243,1.433661
1403638157.644268751,0.963878,3.272595,1.439004
1403638157.743268728,0.873219,3.346654,1.445160
1403638157.794268847,0.823889,3.378718,1.446203
1403638157.844268799,0.775232,3.409701,1.446109
1403638157.895268917,0.725681,3.441025,1.445462
1403638157.944268703,0.677225,3.471271,1.445505
1403638157.994268894,0.627679,3.503967,1.447131
1403638158.044268847,0.578385,3.534791,1.450852
1403638158.095268726,0.527454,3.564057,1.456689
1403638158.146268845,0.477343,3.597433,1.464699
1403638158.196268797,0.429861,3.647803,1.473851
1403638158.296268940,0.328824,3.703559,1.491719
1403638158.346268892,0.280185,3.731633,1.498534
1403638158.396268845,0.230695,3.759063,1.504016
1403638158.444268703,0.183482,3.786687,1.507684
1403638158.494268894,0.133760,3.813780,1.510076
1403638158.542268753,0.087104,3.841134,1.511138
1403638158.592268705,0.037622,3.892940,1.511434
1403638158.643268824,-0.010947,3.920109,1.510696
1403638158.743268728,-0.108323,3.972657,1.506761
1403638158.795268774,-0.156981,3.997057,1.503492
1403638158.844268799,-0.204421,4.021948,1.499773
1403638158.895268917,-0.252637,4.074314,1.496147
1403638158.944268703,-0.299706,4.098190,1.492711
1403638159.043268919,-0.392948,4.147552,1.488214
1403638159.096268892,-0.442291,4.170740,1.488596
1403638159.145268917,-0.488062,4.195841,1.490712
1403638159.196268797,-0.535748,4.218253,1.494721
1403638159.242268801,-0.584816,4.275330,1.500329
1403638159.295268774,-0.635277,4.300465,1.508816
1403638159.343268871,-0.681148,4.327834,1.517457
1403638159.444268703,-0.781088,4.381948,1.533390
1403638159.495268822,-0.830977,4.409357,1.538970
1403638159.543268919,-0.876743,4.438175,1.542563
1403638159.593268871,-0.933838,4.506176,1.545520
1403638159.743268728,-1.077654,4.598273,1.551635
1403638159.794268847,-1.124414,4.629208,1.556788
1403638159.843268871,-1.166617,4.659912,1.563741
1403638159.895268917,-1.207902,4.691597,1.573122
1403638159.943268776,-1.255769,4.764713,1.584902
1403638160.044268847,-1.323971,4.831717,1.615031
1403638160.093268871,-1.353804,4.859353,1.632423
1403638160.142268896,-1.381013,4.890622,1.652323
1403638160.193268776,-1.407585,4.929097,1.675772
1403638160.243268728,-1.427794,4.956714,1.700494
1403638160.293268919,-1.456706,5.021097,1.729071
1403638160.346268892,-1.474002,5.051068,1.759727
1403638160.396268845,-1.491245,5.082884,1.791750
1403638160.495268822,-1.518765,5.140506,1.858588
1403638160.543268919,-1.531585,5.165505,1.893785
1403638160.594268799,-1.546008,5.192702,1.931977
1403638160.645268917,-1.565981,5.252402,1.971890
1403638160.697268724,-1.579200,5.282645,2.009779
1403638160.794268847,-1.605049,5.338335,2.076679
1403638160.847268820,-1.618843,5.367309,2.109440
1403638160.899268866,-1.633793,5.397956,2.141516
1403638160.943268776,-1.647257,5.426383,2.168433
1403638160.995268822,-1.670920,5.487688,2.201400
1403638161.045268774,-1.684273,5.516938,2.228732
1403638161.096268892,-1.697515,5.547218,2.255750
1403638161.194268703,-1.721931,5.606586,2.305867
1403638161.245268822,-1.733486,5.637439,2.330745
1403638161.297268867,-1.743504,5.667747,2.354885
1403638161.346268892,-1.762817,5.731521,2.383064
1403638161.395268917,-1.770593,5.760515,2.405682
1403638161.446268797,-1.777382,5.790817,2.428279
1403638161.542268753,-1.787354,5.850708,2.470676
1403638161.643268824,-1.801850,5.937994,2.517126
1403638161.743268728,-1.804292,5.994105,2.555653
1403638161.794268847,-1.804866,6.023601,2.573506
1403638161.845268726,-1.805252,6.054445,2.589852
1403638161.895268917,-1.804812,6.083790,2.603966
1403638161.944268703,-1.804617,6.115426,2.616593
1403638162.045268774,-1.811265,6.210090,2.643691
1403638162.097268820,-1.808696,6.239947,2.652158
1403638162.143268824,-1.807257,6.271769,2.659554
1403638162.197268724,-1.803764,6.305297,2.666529
1403638162.244268894,-1.801147,6.338504,2.673756
1403638162.295268774,-1.796910,6.372892,2.682657
1403638162.344268799,-1.801504,6.439259,2.699018
1403638162.395268917,-1.795579,6.474444,2.711482
1403638162.445268869,-1.789006,6.509552,2.725075
1403638162.543268919,-1.774677,6.583263,2.751451
1403638162.597268820,-1.764171,6.620680,2.763223
1403638162.644268751,-1.754343,6.658167,2.773366
1403638162.696268797,-1.751606,6.728508,2.788601
1403638162.795268774,-1.727880,6.805797,2.806201
1403638162.844268799,-1.714518,6.844873,2.816918
1403638162.894268751,-1.700339,6.884746,2.829589
1403638162.945268869,-1.685507,6.924366,2.843952
1403638162.995268822,-1.669302,6.964896,2.860241
1403638163.043268919,-1.663143,7.044196,2.884903
1403638163.095268726,-1.643798,7.084581,2.904583
1403638163.143268824,-1.627334,7.127223,2.924699
1403638163.192268848,-1.607988,7.168922,2.946954
1403638163.243268728,-1.587912,7.210605,2.969391
1403638163.342268705,-1.544608,7.291906,3.005247
1403638163.393268824,-1.529173,7.370366,3.024610
1403638163.443268776,-1.505266,7.410272,3.031658
1403638163.544268847,-1.454713,7.490842,3.037695
1403638163.642268896,-1.410076,7.611579,3.047123
1403638163.746268749,-1.352099,7.693545,3.047061
1403638163.795268774,-1.324423,7.737001,3.050348
1403638163.845268726,-1.294795,7.774335,3.054090
1403638163.894268751,-1.265136,7.814061,3.060575
1403638163.942268848,-1.236507,7.851004,3.069042
1403638163.994268894,-1.205593,7.888706,3.079877
1403638164.045268774,-1.173979,7.923946,3.092385
1403638164.095268726,-1.146575,7.993675,3.113916
1403638164.146268845,-1.115168,8.030763,3.130686
1403638164.245268822,-1.049855,8.097795,3.167967
1403638164.293268919,-1.016454,8.129699,3.188516
1403638164.342268705,-0.982755,8.162159,3.210565
1403638164.394268751,-0.949480,8.222582,3.240258
1403638164.444268703,-0.913177,8.253748,3.262947
1403638164.495268822,-0.875310,8.287035,3.285077
1403638164.595268726,-0.797659,8.349207,3.323605
1403638164.644268751,-0.761097,8.410161,3.347120
1403638164.695268869,-0.718522,8.441203,3.363145
1403638164.797268867,-0.629209,8.501644,3.391351
1403638164.842268705,-0.587328,8.530806,3.402960
1403638164.898268938,-0.538696,8.586552,3.420531
1403638164.942268848,-0.494817,8.615787,3.430108
1403638165.042268753,-0.397316,8.670482,3.446597
1403638165.097268820,-0.343849,8.697840,3.453696
1403638165.142268896,-0.297859,8.723839,3.459641
1403638165.197268724,-0.242415,8.750002,3.464919
1403638165.294268847,-0.139927,8.820235,3.477092
1403638165.342268705,-0.089003,8.841093,3.478429
1403638165.394268751,-0.033691,8.864699,3.479976
1403638165.444268703,0.019370,8.885413,3.479170
1403638165.496268749,0.073664,8.904989,3.477396
1403638165.543268919,0.126235,8.925390,3.475125
1403638165.644268751,0.238892,8.978613,3.469508
1403638165.743268728,0.353493,9.010726,3.455227
1403638165.794268847,0.413310,9.025554,3.445929
1403638165.845268726,0.472080,9.041151,3.436190
1403638165.895268917,0.532493,9.067274,3.427632
1403638165.948268890,0.596011,9.079462,3.414291
1403638166.043268919,0.710733,9.101919,3.389928
1403638166.095268726,0.773493,9.110754,3.376968
1403638166.144268751,0.834171,9.127623,3.368574
1403638166.195268869,0.896096,9.132820,3.359563
1403638166.243268728,0.954317,9.137386,3.353495
1403638166.295268774,1.017290,9.141695,3.349339
1403638166.394268751,1.135364,9.148252,3.349770
1403638166.445268869,1.195247,9.149642,3.356020
1403638166.496268749,1.254358,9.148752,3.367028
1403638166.645268917,1.429920,9.199198,3.437740
1403638166.793268919,1.587619,9.189441,3.507451
1403638166.894268751,1.688604,9.176767,3.544499
1403638166.943268776,1.737092,9.177635,3.560695
1403638166.994268894,1.788309,9.179011,3.575731
1403638167.045268774,1.842652,9.196937,3.592084
1403638167.094268799,1.892246,9.200223,3.602303
1403638167.145268917,1.942537,9.203561,3.610535
1403638167.195268869,1.991830,9.208207,3.617461
1403638167.244268894,2.041252,9.214905,3.623409
1403638167.294268847,2.089501,9.221692,3.629089
1403638167.343268871,2.142829,9.250892,3.640992
1403638167.393268824,2.194165,9.262957,3.650621
1403638167.442268848,2.242847,9.276175,3.661543
1403638167.543268919,2.342603,9.308391,3.689512
1403638167.594268799,2.392241,9.326898,3.705659
1403638167.644268751,2.440418,9.345673,3.721390
1403638167.743268728,2.542367,9.418542,3.756451
1403638167.792268753,2.589860,9.440135,3.767769
1403638167.843268871,2.637673,9.464945,3.777916
1403638167.893268824,2.685894,9.487925,3.785643
1403638167.943268776,2.741848,9.544419,3.799491
1403638168.343268871,3.163218,9.796209,3.827992
1403638168.394268751,3.222018,9.828461,3.834071
1403638168.442268848,3.294413,9.904880,3.852570
1403638168.493268728,3.353878,9.931567,3.861126
1403638168.546268940,3.416074,9.959708,3.872330
1403638168.597268820,3.477942,9.988344,3.885442
1403638168.642268896,3.534651,10.015291,3.898587
1403638168.693268776,3.597777,10.041716,3.912584
1403638168.794268847,3.738120,10.146783,3.948559
1403638168.842268705,3.797740,10.174911,3.957892
1403638168.893268824,3.875434,10.246670,3.975246
1403638168.942268848,3.935685,10.277279,3.980651
1403638168.994268894,3.995855,10.303959,3.983402
1403638169.342268705,4.404029,10.597781,3.979454
1403638169.394268751,4.476128,10.682354,3.982082
1403638169.445268869,4.528356,10.721411,3.972425
1403638169.496268749,4.581173,10.762495,3.961900
1403638169.545268774,4.653730,10.849447,3.961106
1403638169.594268799,4.703813,10.887344,3.948936
1403638169.646268845,4.757075,10.924284,3.934237
1403638169.742268801,4.860881,10.996796,3.909223
1403638169.795268774,4.916239,11.031565,3.898034
1403638169.894268751,5.049951,11.144787,3.892351
1403638169.943268776,5.107237,11.175739,3.887437
1403638169.995268822,5.167322,11.203901,3.883557
1403638170.047268867,5.247088,11.275287,3.891344
1403638170.097268820,5.307352,11.303157,3.892106
1403638170.143268824,5.362863,11.330463,3.894724
1403638170.194268703,5.420757,11.352976,3.897988
1403638170.243268728,5.478647,11.379345,3.903639
1403638170.295268774,5.555838,11.439707,3.917573
1403638170.347268820,5.612095,11.458826,3.922349
1403638170.397268772,5.667724,11.480502,3.926491
1403638170.494268894,5.772036,11.518980,3.929199
1403638170.543268919,5.838560,11.566426,3.934448
1403638170.645268917,5.940800,11.594549,3.927947
1403638170.696268797,5.992140,11.605772,3.923033
1403638170.745268822,6.053724,11.642273,3.924542
1403638170.894268751,6.199772,11.657159,3.920045
1403638170.942268848,6.247309,11.660005,3.922879
1403638170.993268728,6.307593,11.679939,3.931994
1403638171.294268847,6.609186,11.646541,3.959942
1403638171.392268896,6.704365,11.616801,3.959327
1403638171.442268848,6.756187,11.604399,3.959277
1403638171.495268822,6.804979,11.583317,3.957449
1403638171.594268799,6.896471,11.537119,3.953068
1403638171.644268751,6.942604,11.508895,3.949940
1403638171.695268869,6.989047,11.479072,3.946654
1403638171.743268728,7.031059,11.449353,3.943200
1403638171.792268753,7.075512,11.415596,3.939297
1403638171.843268871,7.114572,11.372179,3.933407
1403638171.893268824,7.158490,11.332423,3.928467
1403638171.993268728,7.243084,11.248157,3.918071
1403638172.045268774,7.285288,11.200078,3.913316
1403638172.095268726,7.317082,11.134540,3.906895
1403638172.143268824,7.352646,11.082217,3.905111
1403638172.496268749,7.574866,10.585194,3.913670
1403638172.546268940,7.599896,10.500484,3.909425
1403638172.597268820,7.626839,10.416920,3.903027
1403638172.642268896,7.650306,10.340875,3.895025
1403638172.693268776,7.679770,10.259212,3.884717
1403638172.742268801,7.706502,10.178343,3.872189
1403638172.794268847,7.734549,10.092861,3.856565
1403638174.145268917,7.881765,6.690726,2.886348
1403638174.197268724,7.894968,6.563452,2.841674
1403638174.394268751,7.858104,6.016107,2.675488
1403638174.443268776,7.860476,5.890221,2.637830
1403638174.543268919,7.873589,5.642304,2.558471
1403638174.594268799,7.825110,5.473154,2.507164
1403638174.645268917,7.832350,5.352100,2.463977
1403638174.697268724,7.840072,5.224776,2.418589
1403638174.743268728,7.841011,5.109764,2.378913
1403638174.793268919,7.791225,4.948643,2.329812
1403638174.895268917,7.804856,4.704967,2.250814
1403638174.944268703,7.809141,4.585865,2.213905
1403638174.997268915,7.817472,4.464967,2.177797
1403638175.095268726,7.787873,4.204402,2.108294
1403638175.145268917,7.797637,4.094320,2.078778
1403638175.193268776,7.805058,3.985870,2.050588
1403638175.242268801,7.812330,3.874875,2.023257
1403638175.294268847,7.788325,3.743090,1.993466
1403638175.342268705,7.798379,3.638402,1.969514
1403638175.393268824,7.810405,3.531264,1.945890
1403638175.442268848,7.820359,3.425404,1.924340
1403638175.545268774,7.820716,3.203615,1.884662
1403638175.595268726,7.834798,3.106330,1.868573
1403638175.645268917,7.848350,3.009855,1.854729
1403638175.743268728,7.861134,2.819880,1.831768
1403638175.792268753,7.879278,2.730292,1.823361
1403638175.844268799,7.898732,2.642954,1.816377
1403638175.896268845,7.914029,2.555408,1.811059
1403638175.945268869,7.938067,2.476788,1.807714
1403638175.995268822,7.964497,2.397800,1.804484
1403638176.042268753,7.989471,2.328189,1.799764
1403638176.143268824,8.044950,2.189262,1.779165
1403638176.192268848,8.086920,2.127010,1.765642
1403638176.243268728,8.121785,2.065989,1.750649
1403638176.293268919,8.159601,2.007414,1.734796
1403638176.343268871,8.189561,1.953552,1.718879
1403638176.395268917,8.222449,1.898263,1.703744
1403638176.444268703,8.281754,1.855248,1.691972
1403638176.494268894,8.316053,1.807728,1.680747
1403638176.546268940,8.351332,1.763359,1.671314
1403638176.594268799,8.389070,1.725156,1.663934
1403638176.643268824,8.445792,1.692616,1.658363
1403638176.693268776,8.483661,1.656210,1.653970
1403638176.743268728,8.516699,1.622491,1.651091
1403638176.794268847,8.550392,1.589636,1.649314
1403638176.844268799,8.580360,1.559454,1.648576
1403638176.896268845,8.629783,1.533114,1.649820
1403638176.946268797,8.659873,1.506089,1.652557
1403638177.046268940,8.776699,1.468307,1.664247
1403638177.194268703,8.831094,1.405399,1.687467
1403638177.293268919,8.873402,1.373097,1.697738
1403638177.342268705,8.898604,1.360255,1.699964
1403638177.393268824,8.920719,1.347847,1.700224
1403638177.445268869,8.945568,1.337585,1.698296
1403638177.497268915,8.988033,1.331328,1.695042
1403638177.642268896,9.054307,1.316229,1.677102
1403638177.693268776,9.091839,1.316347,1.668994
1403638177.742268801,9.109415,1.314755,1.659772
1403638177.793268919,9.128879,1.314173,1.649106
1403638177.842268705,9.148165,1.314780,1.637964
1403638177.896268845,9.166365,1.316017,1.624645
1403638177.946268797,9.203270,1.320525,1.611417
1403638177.996268749,9.221367,1.322306,1.596619
1403638178.042268753,9.240449,1.324052,1.582600
1403638178.093268871,9.258622,1.325035,1.566521
1403638178.142268896,9.277809,1.325737,1.551885
1403638178.194268703,9.314898,1.328197,1.538694
1403638178.243268728,9.334240,1.327423,1.527446
1403638178.295268774,9.351728,1.325343,1.518351
1403638178.344268799,9.369382,1.321993,1.511741
1403638178.446268797,9.419145,1.312815,1.504581
1403638178.497268915,9.435401,1.304808,1.504480
1403638178.543268919,9.450623,1.296889,1.506434
1403638178.593268871,9.466114,1.286903,1.510077
1403638178.644268751,9.504490,1.279189,1.513726
1403638178.745268822,9.522235,1.251887,1.519980
1403638178.796268940,9.535299,1.236776,1.521145
1403638178.894268751,9.558554,1.204740,1.519676
1403638178.942268848,9.569897,1.186591,1.517195
1403638179.043268919,9.599900,1.147099,1.509683
1403638179.094268799,9.610638,1.124457,1.504153
1403638179.146268845,9.629302,1.102371,1.497958
1403638179.195268869,9.641128,1.077861,1.490961
1403638179.242268801,9.652690,1.055097,1.483495
1403638179.294268847,9.664587,1.028532,1.474151
1403638179.342268705,9.677262,1.003285,1.464142
1403638179.392268896,9.700026,0.976774,1.452623
1403638179.443268776,9.714717,0.949565,1.440195
1403638179.495268822,9.730478,0.920472,1.426058
1403638179.543268919,9.745880,0.894137,1.412952
1403638179.643268824,9.793649,0.838870,1.383722
1403638179.694268703,9.811007,0.809104,1.367999
1403638179.743268728,9.829147,0.780575,1.352317
1403638179.792268753,9.847217,0.751210,1.335539
1403638179.843268871,9.866177,0.721724,1.318826
1403638179.893268824,9.902040,0.692678,1.302652
1403638179.942268848,9.921793,0.663634,1.289089
1403638179.994268894,9.940629,0.632110,1.277104
1403638180.042268753,9.960273,0.602953,1.268138
1403638180.095268726,9.997007,0.571344,1.259823
1403638180.143268824,10.015582,0.541314,1.254632
1403638180.243268728,10.054702,0.477235,1.247011
1403638180.293268919,10.075184,0.443834,1.244127
1403638180.344268799,10.112502,0.412006,1.241165
1403638180.394268751,10.132807,0.377655,1.238998
1403638180.493268728,10.172025,0.308786,1.233439
1403638180.543268919,10.212900,0.274393,1.228133
1403638180.592268705,10.233658,0.238052,1.221954
1403638180.693268776,10.276664,0.164538,1.205372
1403638180.743268728,10.297916,0.127964,1.195789
1403638180.793268919,10.343006,0.089890,1.184629
1403638180.895268917,10.390818,0.012344,1.165616
1403638180.946268797,10.414587,-0.025958,1.158874
1403638181.042268753,10.493911,-0.101296,1.150904
1403638181.093268871,10.522433,-0.141104,1.149780
1403638181.143268824,10.549866,-0.179405,1.149681
1403638181.193268776,10.579103,-0.219218,1.148643
1403638181.293268919,10.671975,-0.299666,1.141275
1403638181.342268705,10.703640,-0.339575,1.136085
1403638181.394268751,10.736051,-0.381174,1.129356
1403638181.442268848,10.769340,-0.421577,1.122213
1403638181.542268753,10.870075,-0.508034,1.102219
1403638181.593268871,10.901563,-0.552462,1.091083
1403638181.646268845,10.932709,-0.598973,1.078646
1403638181.742268801,11.030508,-0.690274,1.050788
1403638181.794268847,11.062926,-0.738082,1.036333
1403638181.842268705,11.093236,-0.785191,1.023076
1403638181.894268751,11.122171,-0.835581,1.011399
1403638181.942268848,11.151105,-0.884718,1.002317
1403638181.993268728,11.204668,-0.937802,0.994269
1403638182.043268919,11.228196,-0.989095,0.989899
1403638182.093268871,11.249585,-1.040652,0.987953
1403638182.146268845,11.270587,-1.094960,0.988156
1403638182.196268797,11.314473,-1.149797,0.989122
1403638182.545268774,11.467239,-1.528761,1.030530
1403638182.595268726,11.487974,-1.585543,1.034424
1403638182.646268845,11.505269,-1.643686,1.039264
1403638182.746268749,11.568022,-1.763523,1.052753
1403638182.796268940,11.588388,-1.824236,1.063375
1403638182.843268871,11.608311,-1.879736,1.074430
1403638182.894268751,11.658548,-1.947167,1.087811
1403638182.993268728,11.703097,-2.071995,1.118618
1403638183.043268919,11.724879,-2.134431,1.133172
1403638183.096268892,11.746954,-2.198940,1.146554
1403638183.142268896,11.806923,-2.265511,1.156411
1403638183.193268776,11.831106,-2.331197,1.165739
1403638183.294268847,11.882530,-2.457807,1.182064
1403638183.342268705,11.906928,-2.517780,1.187730
1403638183.393268824,11.969596,-2.588755,1.191665
1403638183.495268822,12.021643,-2.715555,1.198430
1403638183.544268847,12.047846,-2.776285,1.200238
1403638183.595268726,12.113182,-2.848585,1.200367
1403638183.742268801,12.199910,-3.025940,1.196870
1403638183.943268776,12.368449,-3.273577,1.184101
1403638183.993268728,12.401585,-3.331772,1.183963
1403638184.094268799,12.515102,-3.455956,1.188978
1403638184.143268824,12.550133,-3.509746,1.194926
1403638184.392268896,12.785818,-3.783436,1.247845
1403638184.444268703,12.820563,-3.832214,1.258679
1403638184.495268822,12.904126,-3.895254,1.267162
1403638184.592268705,12.985705,-3.988572,1.279618
1403638184.643268824,13.026859,-4.035243,1.284318
1403638184.693268776,13.069095,-4.081506,1.288363
1403638184.793268919,13.202787,-4.186754,1.295053
1403638184.844268799,13.244496,-4.230669,1.298908
1403638184.895268917,13.285515,-4.273282,1.303317
1403638184.994268894,13.426687,-4.373335,1.311018
1403638185.042268753,13.469469,-4.413267,1.315713
1403638185.095268726,13.513126,-4.453605,1.320703
1403638185.144268751,13.556363,-4.491898,1.325832
1403638185.197268724,13.652628,-4.548096,1.331306
1403638185.297268867,13.740068,-4.621276,1.343622
1403638185.394268751,13.832759,-4.691041,1.356699
1403638185.442268848,13.928770,-4.741279,1.363256
1403638185.544268847,14.022812,-4.806648,1.376705
1403638185.597268820,14.069267,-4.837817,1.383708
1403638185.693268776,14.215233,-4.911778,1.396570
1403638185.742268801,14.265227,-4.938695,1.403127
1403638185.794268847,14.311948,-4.962828,1.410644
1403638185.844268799,14.360076,-4.985935,1.418005
1403638185.897268772,14.462477,-5.026494,1.425275
1403638185.942268848,14.510677,-5.046309,1.432432
1403638186.042268753,14.608701,-5.084300,1.448452
1403638186.095268726,14.707389,-5.120261,1.456034
1403638186.142268896,14.753476,-5.136964,1.462384
1403638186.194268703,14.799573,-5.153628,1.467787
1403638186.245268822,14.845896,-5.169629,1.471863
1403638186.296268940,14.941334,-5.202698,1.474368
1403638186.342268705,14.986656,-5.218517,1.475670
1403638186.394268751,15.031800,-5.234838,1.476097
1403638186.443268776,15.078744,-5.252075,1.476325
1403638186.494268894,15.125491,-5.269881,1.477723
1403638186.543268919,15.172295,-5.287527,1.480554
1403638186.595268726,15.261575,-5.320037,1.485708
1403638186.697268724,15.356080,-5.355792,1.501457
1403638186.743268728,15.403066,-5.372895,1.510348
1403638186.793268919,15.494572,-5.405051,1.520085
1403638186.843268871,15.541731,-5.421635,1.527503
1403638186.895268917,15.589166,-5.437421,1.534384
1403638186.994268894,15.683917,-5.466320,1.542226
1403638187.097268820,15.833124,-5.509153,1.545518
1403638187.142268896,15.882913,-5.521253,1.545420
1403638187.242268801,15.984052,-5.540929,1.546538
1403638187.294268847,16.078609,-5.564282,1.549748
1403638187.342268705,16.127201,-5.570589,1.554606
1403638187.394268751,16.176350,-5.575234,1.561710
1403638187.742268801,16.585524,-5.612999,1.655976
1403638187.794268847,16.630010,-5.612032,1.673798
1403638187.843268871,16.678266,-5.612303,1.691777
1403638187.893268824,16.756928,-5.622471,1.709592
1403638187.945268869,16.799688,-5.620171,1.724999
1403638187.996268749,16.839753,-5.616441,1.739031
1403638188.044268847,16.880679,-5.613300,1.751143
1403638188.095268726,16.919921,-5.608897,1.761480
1403638188.143268824,16.991678,-5.614406,1.771839
1403638188.192268848,17.029523,-5.607809,1.780323
1403638188.293268919,17.104376,-5.590652,1.794961
1403638188.342268705,17.140356,-5.580069,1.799834
1403638188.394268751,17.203462,-5.576540,1.804640
1403638188.495268822,17.270730,-5.546959,1.808955
1403638188.546268940,17.301197,-5.530549,1.808835
1403638188.592268705,17.351322,-5.521542,1.808190
1403638188.643268824,17.378399,-5.502466,1.806168
1403638188.743268728,17.425047,-5.461222,1.800402
1403638188.794268847,17.446630,-5.439341,1.796149
1403638188.843268871,17.470834,-5.418902,1.793618
1403638188.895268917,17.483926,-5.393541,1.792865
1403638188.996268749,17.501756,-5.345358,1.798706
1403638189.043268919,17.502296,-5.319226,1.804629
1403638189.093268871,17.503851,-5.292924,1.813005
1403638189.142268896,17.503052,-5.267311,1.822318
1403638189.242268801,17.495390,-5.214485,1.849048
1403638189.294268847,17.473255,-5.182569,1.864735
1403638189.346268892,17.462325,-5.154921,1.880444
1403638189.442268848,17.437532,-5.102433,1.907158
1403638189.493268728,17.424297,-5.075422,1.919010
1403638189.542268753,17.387647,-5.043004,1.928774
1403638189.594268799,17.372462,-5.015491,1.938298
1403638189.694268703,17.337719,-4.960945,1.956211
1403638189.746268749,17.296916,-4.928014,1.966342
1403638189.798268795,17.278063,-4.901648,1.979106
1403638189.844268799,17.259764,-4.876857,1.992113
1403638189.897268772,17.241761,-4.850627,2.007719
1403638189.942268848,17.201955,-4.820808,2.020431
1403638189.994268894,17.185736,-4.795631,2.033664
1403638190.042268753,17.170321,-4.771386,2.045035
1403638190.093268871,17.156242,-4.746120,2.055024
1403638190.144268751,17.125800,-4.716303,2.063253
1403638190.195268869,17.113724,-4.691472,2.069977
1403638190.246268749,17.102479,-4.667452,2.075379
1403638190.297268867,17.092383,-4.643143,2.079046
1403638190.342268705,17.081778,-4.620866,2.080719
1403638190.395268917,17.059271,-4.592889,2.080815
1403638190.443268776,17.051006,-4.569769,2.079973
1403638190.495268822,17.043341,-4.544535,2.077349
1403638190.544268847,17.035490,-4.520007,2.073822
1403638190.743268728,16.992303,-4.411784,2.049120
1403638190.794268847,16.964120,-4.378043,2.040157
1403638190.843268871,16.952327,-4.348618,2.031789
1403638190.943268776,16.927575,-4.285688,2.015378
1403638190.994268894,16.915527,-4.252409,2.009017
1403638191.143268824,16.845903,-4.143619,2.001465
1403638191.193268776,16.830002,-4.107392,2.003346
1403638191.294268847,16.771291,-4.030052,2.011264
1403638191.694268703,16.570141,-3.729898,2.097877
1403638191.743268728,16.552092,-3.694495,2.107423
1403638191.792268753,16.534284,-3.658005,2.115284
1403638191.844268799,16.516658,-3.620621,2.121745
1403638191.896268845,16.473920,-3.576375,2.125840
1403638191.943268776,16.456975,-3.540565,2.128816
1403638191.992268801,16.441566,-3.502211,2.130931
1403638192.043268919,16.425283,-3.463168,2.131111
1403638192.094268799,16.409194,-3.423025,2.130285
1403638192.143268824,16.371475,-3.378687,2.127828
1403638192.192268848,16.358441,-3.337795,2.127094
1403638192.244268894,16.345716,-3.294652,2.127934
1403638192.294268847,16.331676,-3.252172,2.130455
1403638192.343268871,16.317662,-3.208753,2.134676
1403638192.392268896,16.287030,-3.160827,2.140494
1403638192.695268869,16.185362,-2.873243,2.222011
1403638192.792268753,16.158184,-2.780059,2.261290
1403638192.842268705,16.145041,-2.732239,2.282033
1403638192.895268917,16.130925,-2.683183,2.302979
1403638192.942268848,16.093474,-2.634270,2.320280
1403638193.045268774,16.061311,-2.539649,2.353858
1403638193.095268726,16.042352,-2.493732,2.369073
1403638193.143268824,15.991102,-2.447764,2.379750
1403638193.194268703,15.968555,-2.404579,2.393080
1403638193.295268774,15.918372,-2.323311,2.419127
1403638193.342268705,15.890480,-2.286485,2.433556
1403638193.444268703,15.793120,-2.208843,2.469120
1403638193.497268915,15.755999,-2.174725,2.491660
1403638193.542268753,15.720032,-2.146474,2.513821
1403638193.642268896,15.596811,-2.083489,2.563515
1403638193.742268801,15.510907,-2.032110,2.616594
1403638193.794268847,15.464829,-2.006991,2.641718
1403638193.844268799,15.373158,-1.977382,2.661335
1403638193.945268869,15.281835,-1.930725,2.703384
1403638193.997268915,15.233660,-1.908253,2.721782
1403638194.042268753,15.128137,-1.880615,2.731616
1403638194.194268703,14.981829,-1.817715,2.772510
1403638194.242268801,14.931810,-1.797949,2.782494
1403638194.294268847,14.831454,-1.771563,2.787264
1403638194.345268726,14.778612,-1.751490,2.794663
1403638194.445268869,14.680073,-1.714255,2.804098
1403638194.542268753,14.525216,-1.672771,2.803909
1403638194.594268799,14.472499,-1.654649,2.806399
1403638194.694268703,14.370402,-1.621206,2.815197
1403638194.795268774,14.215979,-1.583204,2.826490
1403638194.846268892,14.161217,-1.567193,2.836723
1403638194.897268772,14.058786,-1.546121,2.843773
1403638194.943268776,14.010832,-1.532045,2.854061
1403638194.994268894,13.960961,-1.516838,2.864334
1403638195.043268919,13.912212,-1.502219,2.872596
1403638195.094268799,13.863614,-1.487075,2.879709
1403638195.144268751,13.769717,-1.466989,2.880031
1403638195.194268703,13.725451,-1.451819,2.883986
1403638195.245268822,13.682334,-1.436911,2.886174
1403638195.297268867,13.638479,-1.421012,2.886593
1403638195.342268705,13.595724,-1.406188,2.884936
1403638195.393268824,13.512641,-1.385490,2.878324
1403638195.442268848,13.474230,-1.369610,2.874571
1403638195.494268894,13.438063,-1.352508,2.869730
1403638195.542268753,13.404928,-1.335900,2.864257
1403638195.895268917,13.156809,-1.204800,2.795604
1403638195.943268776,13.104456,-1.183837,2.783062
1403638195.993268728,13.080724,-1.164979,2.774833
1403638196.094268799,13.037749,-1.126468,2.764053
1403638196.145268917,13.019401,-1.107435,2.762115
1403638196.195268869,12.982050,-1.086317,2.760175
1403638196.294268847,12.951413,-1.048544,2.765096
1403638196.594268799,12.863345,-0.927590,2.811185
1403638196.643268824,12.854027,-0.907834,2.817555
1403638196.696268797,12.846893,-0.886858,2.822775
1403638196.747268915,12.839843,-0.866943,2.826155
1403638196.792268753,12.826903,-0.847847,2.827223
1403638196.843268871,12.822144,-0.827458,2.827667
1403638196.894268751,12.818538,-0.806927,2.826486
1403638196.943268776,12.816017,-0.787200,2.823765
1403638196.994268894,12.811677,-0.766668,2.819323
1403638197.044268847,12.811411,-0.746422,2.813951
1403638197.194268703,12.816577,-0.686422,2.796168
1403638197.242268801,12.819006,-0.666769,2.792347
1403638197.295268774,12.823251,-0.646428,2.790519
1403638197.343268871,12.828254,-0.626969,2.790404
1403638197.394268751,12.834109,-0.606504,2.791991
1403638197.445268869,12.846708,-0.586664,2.795924
1403638197.545268774,12.859480,-0.545112,2.807092
1403638197.946268797,12.916722,-0.363893,2.916264
1403638197.995268822,12.919560,-0.338002,2.933408
1403638198.042268753,12.922620,-0.314205,2.947460
1403638198.096268892,12.927632,-0.286836,2.962244
1403638198.146268845,12.927981,-0.263555,2.972410
1403638198.198268890,12.928484,-0.237790,2.981186
1403638198.246268749,12.928373,-0.212831,2.985945
1403638198.297268867,12.926707,-0.186819,2.986419
1403638198.346268892,12.925475,-0.161613,2.982580
1403638198.998268843,12.821131,0.179008,2.750644
1403638199.047268867,12.791242,0.211933,2.732457
1403638199.098268747,12.774948,0.248935,2.717280
1403638199.148268938,12.758211,0.287937,2.705023
1403638199.200268745,12.720134,0.330860,2.692851
1403638200.447268724,11.636991,2.042891,2.955137
1403638200.899268866,11.058560,2.813069,3.134484
1403638200.998268843,10.892455,2.989680,3.184483
1403638201.698268890,9.737877,4.326455,3.385218
1403638202.300268888,8.637721,5.444695,3.289753
1403638202.346268892,8.551064,5.533498,3.283107
1403638202.400268793,8.459408,5.632290,3.277743
1403638202.448268890,8.372816,5.721968,3.273752
1403638202.498268843,8.284750,5.812516,3.271093
1403638202.546268940,8.181950,5.890313,3.266138
1403638202.599268913,8.092264,5.984076,3.265705
1403638202.646268845,8.008593,6.069101,3.264468
1403638202.697268724,7.919082,6.159770,3.261828
1403638202.747268915,7.832774,6.247655,3.257300
1403638202.801268816,7.733288,6.329716,3.248147
1403638202.849268913,7.653065,6.414217,3.240966
1403638203.249268770,6.999601,7.059497,3.130517
1403638203.298268795,6.924169,7.133435,3.118390
1403638203.347268820,6.848779,7.208177,3.107982
1403638203.498268843,6.620990,7.430658,3.086795
1403638203.548268795,6.548647,7.503249,3.083527
1403638203.599268913,6.470804,7.576541,3.080025
1403638203.746268749,6.255187,7.775877,3.062883
1403638203.796268940,6.183972,7.845727,3.055374
1403638203.897268772,6.038941,7.973446,3.040711
1403638203.946268797,5.969251,8.034250,3.035834
1403638203.998268843,5.893167,8.097163,3.032231
1403638204.097268820,5.758242,8.217158,3.032161
1403638204.146268845,5.689696,8.271708,3.034472
1403638205.498268843,4.275064,9.406312,3.175551
1403638205.598268747,4.193964,9.470193,3.177030
1403638205.647268772,4.152703,9.501003,3.180560
1403638205.750268936,4.068922,9.571020,3.194729
1403638206.499268770,3.202514,9.956671,3.487531
1403638206.547268867,3.130005,9.973951,3.510905
1403638206.648268938,2.980865,10.002710,3.551914
1403638206.747268915,2.833702,10.028825,3.586032
1403638206.798268795,2.755071,10.033201,3.598997
1403638206.898268938,2.606783,10.050728,3.623554
1403638206.949268818,2.531051,10.057511,3.633145
1403638206.998268843,2.456840,10.063669,3.641237
1403638207.100268841,2.303964,10.061201,3.650143
1403638207.149268866,2.232893,10.062000,3.652781
1403638207.201268911,2.158143,10.062321,3.654201
1403638207.300268888,2.013201,10.041488,3.648274
1403638207.347268820,1.946639,10.036648,3.644629
1403638207.746268749,1.403703,9.880300,3.556475
1403638207.797268867,1.340471,9.859770,3.548757
1403638207.846268892,1.280318,9.837983,3.543418
1403638207.896268845,1.219202,9.811643,3.539177
1403638207.948268890,1.159254,9.785339,3.537426
1403638208.000268936,1.096000,9.730094,3.531751
1403638208.146268845,0.934422,9.635323,3.540284
1403638208.196268797,0.880407,9.607946,3.548149
1403638208.298268795,0.774435,9.516578,3.557451
1403638208.346268892,0.726504,9.485223,3.563320
1403638208.398268938,0.677427,9.454954,3.568221
1403638208.448268890,0.626980,9.388775,3.563066
1403638208.546268940,0.537625,9.324797,3.562049
1403638208.596268892,0.493690,9.293920,3.559620
1403638208.646268845,0.450215,9.261144,3.555529
1403638208.699268818,0.405062,9.194118,3.543546
1403638208.748268843,0.364273,9.162733,3.540216
1403638208.800268888,0.324244,9.130824,3.538341
1403638208.847268820,0.287355,9.098408,3.537536
1403638208.897268772,0.248507,9.033157,3.531869
1403638208.946268797,0.212173,9.000711,3.534355
1403638208.996268749,0.176198,8.968673,3.538862
1403638209.096268892,0.107486,8.901720,3.549272
1403638209.146268845,0.073923,8.839087,3.546422
1403638209.196268797,0.041826,8.806914,3.548826
1403638209.247268915,0.010127,8.775022,3.549489
1403638209.300268888,-0.021553,8.741392,3.548284
1403638209.351268768,-0.050879,8.678914,3.538242
1403638209.447268724,-0.105603,8.613085,3.527740
1403638209.498268843,-0.132983,8.582505,3.520728
1403638209.548268795,-0.159276,8.550300,3.511589
1403638209.600268841,-0.183975,8.487219,3.493716
1403638210.349268913,-0.445941,7.864476,2.948483
1403638210.446268797,-0.464628,7.799626,2.861447
1403638210.498268843,-0.472952,7.765922,2.818126
1403638210.548268795,-0.479897,7.726793,2.776269
1403638210.599268913,-0.485159,7.686233,2.736609
1403638210.648268938,-0.486348,7.595580,2.687247
1403638210.699268818,-0.489403,7.554270,2.644778
1403638210.799268723,-0.491944,7.468544,2.558285
1403638210.846268892,-0.491487,7.424295,2.512910
1403638210.897268772,-0.489708,7.380249,2.465080
1403638210.948268890,-0.483457,7.287326,2.412852
1403638211.047268867,-0.474050,7.194442,2.325722
1403638211.100268841,-0.467031,7.148219,2.283419
1403638211.149268866,-0.455493,7.046908,2.238935
1403638211.249268770,-0.435421,6.949685,2.166845
1403638211.300268888,-0.423040,6.899299,2.132875
1403638211.348268747,-0.406918,6.790779,2.097725
1403638211.398268938,-0.392855,6.740838,2.068514
1403638211.498268843,-0.360797,6.637433,2.015178
1403638211.548268795,-0.343294,6.585000,1.990570
1403638211.650268793,-0.302213,6.428304,1.936113
1403638211.748268843,-0.261282,6.325260,1.881904
1403638211.797268867,-0.236920,6.220876,1.849018
1403638211.846268892,-0.214028,6.168253,1.818187
1403638211.897268772,-0.189106,6.116605,1.785015
1403638212.000268936,-0.134888,6.013828,1.714382
1403638212.047268867,-0.106323,5.911495,1.678962
1403638212.098268747,-0.075274,5.860898,1.644324
1403638212.150268793,-0.044239,5.809901,1.612462
1403638212.199268818,-0.010903,5.755556,1.582467
1403638212.247268915,0.021441,5.698833,1.556790
1403638212.298268795,0.057373,5.639783,1.530286
1403638212.348268747,0.093545,5.534360,1.506954
1403638212.398268938,0.132371,5.482536,1.485074
1403638212.447268724,0.169973,5.429389,1.466259
1403638212.548268795,0.253375,5.318682,1.431612
1403638212.597268820,0.295344,5.266229,1.417315
1403638212.646268845,0.339156,5.213259,1.404542
1403638212.698268890,0.381465,5.109841,1.394271
1403638212.796268940,0.471528,4.998470,1.377744
1403638212.900268793,0.569794,4.893294,1.367111
1403638212.950268745,0.618634,4.838882,1.364497
1403638212.999268770,0.661592,4.739287,1.364961
1403638213.048268795,0.709934,4.681725,1.365799
1403638213.099268913,0.761715,4.628029,1.368187
1403638213.150268793,0.812071,4.571826,1.372225
1403638213.199268818,0.861096,4.493772,1.378410
1403638213.246268749,0.910257,4.439335,1.385379
1403638213.299268723,0.969338,4.391189,1.394402
1403638213.399268866,1.075465,4.270954,1.412716
1403638213.448268890,1.129439,4.195043,1.420948
1403638213.500268936,1.189513,4.140027,1.426970
1403638213.550268888,1.248813,4.081827,1.431240
1403638213.646268845,1.356290,3.929143,1.435712
1403638213.699268818,1.426222,3.871268,1.435064
1403638213.750268936,1.493762,3.814541,1.432803
1403638213.801268816,1.562000,3.750239,1.429506
1403638213.898268938,1.697053,3.630310,1.422230
1403638213.948268890,1.767239,3.564274,1.420183
1403638214.000268936,1.844538,3.502285,1.419590
1403638214.047268867,1.912185,3.434973,1.421109
1403638214.098268747,1.987179,3.367849,1.424378
1403638214.150268793,2.063074,3.305508,1.429087
1403638214.201268911,2.135044,3.229698,1.436044
1403638214.300268888,2.283591,3.106895,1.452864
1403638214.398268938,2.430107,2.979770,1.474763
1403638214.447268724,2.501885,2.917206,1.486197
1403638214.498268843,2.575114,2.854151,1.496488
1403638214.549268723,2.654863,2.793932,1.505664
1403638214.599268913,2.729806,2.733466,1.512690
1403638214.648268938,2.802607,2.674700,1.517941
1403638214.700268745,2.878273,2.613943,1.521664
1403638214.747268915,2.949338,2.557958,1.523606
1403638214.800268888,3.026548,2.496087,1.524002
1403638214.849268913,3.116698,2.454355,1.523045
1403638214.898268938,3.188409,2.400585,1.520863
1403638214.949268818,3.266018,2.344002,1.517495
1403638215.046268940,3.409426,2.239454,1.506887
1403638215.097268820,3.479051,2.182844,1.499559
1403638215.148268938,3.548808,2.128402,1.491256
1403638215.198268890,3.647613,2.092320,1.481677
1403638215.298268795,3.781923,1.984454,1.459269
1403638215.348268747,3.849112,1.932096,1.446912
1403638215.398268938,3.914744,1.879707,1.433853
1403638215.448268890,3.978844,1.827382,1.420145
1403638215.499268770,4.041001,1.773705,1.405391
1403638215.548268795,4.136556,1.737891,1.390094
1403638215.597268820,4.198496,1.688853,1.375727
1403638215.649268866,4.260989,1.635314,1.360682
1403638215.699268818,4.319314,1.584132,1.348322
1403638215.750268936,4.378098,1.534788,1.338133
1403638215.799268723,4.431422,1.486388,1.330140
1403638215.849268913,4.523941,1.450622,1.322334
1403638215.900268793,4.575884,1.401449,1.317886
1403638215.948268890,4.627858,1.356575,1.314678
1403638216.050268888,4.731721,1.262781,1.306464
1403638216.099268913,4.781545,1.217480,1.300275
1403638216.149268866,4.828291,1.173386,1.292676
1403638216.198268890,4.876156,1.130462,1.283759
1403638216.247268915,4.923593,1.086638,1.273776
1403638216.296268940,5.002656,1.049701,1.261675
1403638216.347268820,5.048840,1.006279,1.251225
1403638216.447268724,5.134764,0.919497,1.235357
1403638216.497268915,5.174515,0.876503,1.230249
1403638216.546268940,5.214885,0.833667,1.226987
1403638216.596268892,5.254758,0.791708,1.225439
1403638216.647268772,5.321962,0.753778,1.224110
1403638216.699268818,5.359257,0.710829,1.225545
1403638216.799268723,5.433258,0.626953,1.226312
1403638216.847268820,5.466647,0.588441,1.223881
1403638216.899268866,5.497843,0.547450,1.219363
1403638216.948268890,5.528494,0.507671,1.213235
1403638216.996268749,5.584422,0.472538,1.204646
1403638217.047268867,5.612286,0.432608,1.195659
1403638217.098268747,5.640740,0.393073,1.185541
1403638217.198268890,5.691407,0.317605,1.163994
1403638217.249268770,5.715784,0.279400,1.152387
1403638217.296268940,5.740756,0.243521,1.140443
1403638217.347268820,5.764440,0.206243,1.127287
1403638217.396268845,5.804747,0.171123,1.112878
1403638217.446268797,5.824823,0.134768,1.099096
1403638217.546268940,5.861373,0.063608,1.074253
1403638217.596268892,5.878981,0.028454,1.064492
1403638217.646268845,5.896518,-0.006163,1.056737
1403638217.698268890,5.914025,-0.041001,1.051357
1403638217.748268843,5.945451,-0.074461,1.046853
1403638217.798268795,5.960908,-0.107033,1.045607
1403638217.847268820,5.974371,-0.137756,1.046254
1403638217.900268793,5.986800,-0.169541,1.048958
1403638217.947268724,6.003234,-0.198402,1.052473
1403638217.999268770,6.017743,-0.226786,1.058737
1403638218.048268795,6.028321,-0.253205,1.066902
1403638218.098268747,6.046871,-0.278634,1.075400
1403638218.150268793,6.054356,-0.302413,1.084009
1403638218.201268911,6.061725,-0.324612,1.091182
1403638218.298268795,6.076187,-0.363008,1.099831
1403638218.348268747,6.082268,-0.380670,1.101851
1403638218.398268938,6.086272,-0.396953,1.102221
1403638218.449268818,6.092172,-0.412736,1.100975
1403638218.549268723,6.094010,-0.439574,1.096361
1403638218.648268938,6.090205,-0.462455,1.094842
1403638218.701268911,6.087531,-0.473046,1.097110
1403638218.747268915,6.077082,-0.481574,1.101237
1403638218.797268867,6.070691,-0.490474,1.106653
1403638218.848268747,6.062445,-0.499125,1.114487
1403638218.899268866,6.054274,-0.507060,1.122925
1403638218.948268890,6.046094,-0.514187,1.130469
1403638218.999268770,6.035873,-0.520700,1.136939
1403638219.098268747,6.005307,-0.531660,1.146338
1403638219.147268772,5.993913,-0.536914,1.148651
1403638219.198268890,5.983112,-0.547251,1.151946
1403638219.247268915,5.972852,-0.547883,1.149510
1403638219.299268723,5.961241,-0.552978,1.148228
1403638219.349268913,5.941636,-0.557248,1.146696
1403638219.400268793,5.929776,-0.564227,1.144479
1403638219.448268890,5.921065,-0.568261,1.139923
1403638219.599268913,5.869466,-0.581759,1.124635
1403638219.749268770,5.833350,-0.604633,1.116017
1403638219.800268888,5.818384,-0.613735,1.117421
1403638219.848268747,5.801498,-0.622714,1.120376
1403638219.900268793,5.785416,-0.633789,1.124051
1403638219.950268745,5.767224,-0.645120,1.127153
1403638219.998268843,5.747904,-0.656709,1.129360
1403638220.049268723,5.711401,-0.668030,1.131091
1403638220.097268820,5.691519,-0.682094,1.130274
1403638220.147268772,5.671179,-0.698896,1.128310
1403638220.199268818,5.654801,-0.714110,1.123160
1403638220.249268770,5.616338,-0.728440,1.119368
1403638220.347268820,5.591959,-0.767478,1.105400
1403638220.399268866,5.573520,-0.787972,1.099763
1403638220.447268724,5.553224,-0.807531,1.095977
1403638220.496268749,5.534889,-0.827675,1.093759
1403638220.547268867,5.517049,-0.851616,1.093707
1403638220.598268747,5.485615,-0.872502,1.097180
1403638220.646268845,5.467671,-0.890215,1.099090
1403638220.750268936,5.433522,-0.935167,1.110456
1403638220.799268723,5.414467,-0.960619,1.119720
1403638220.850268841,5.398158,-0.979393,1.123998
1403638220.900268793,5.380720,-0.998283,1.128234
1403638220.947268724,5.348769,-1.012284,1.131799
1403638221.050268888,5.312621,-1.051653,1.132663
1403638221.097268820,5.294749,-1.068767,1.130626
1403638221.146268845,5.275506,-1.086551,1.126758
1403638221.196268797,5.258118,-1.104333,1.121457
1403638221.247268915,5.236637,-1.121086,1.114495
1403638221.300268888,5.215859,-1.138504,1.106455
1403638221.350268841,5.197256,-1.154946,1.098517
1403638221.400268793,5.165131,-1.167898,1.092839
1403638221.451268911,5.145803,-1.183330,1.088088
1403638221.550268888,5.108739,-1.212762,1.084205
1403638221.647268772,5.072430,-1.239898,1.086060
1403638221.746268749,5.036840,-1.266509,1.085415
1403638221.799268723,5.008114,-1.277174,1.083563
1403638221.848268747,4.993140,-1.289958,1.079992
1403638221.898268938,4.975929,-1.302716,1.075095
1403638221.949268818,4.960759,-1.315348,1.070128
1403638221.997268915,4.945489,-1.328228,1.065457
1403638222.048268795,4.930332,-1.340949,1.062263
1403638222.097268820,4.904780,-1.350572,1.061972
1403638222.148268938,4.889888,-1.363179,1.062618
1403638222.197268724,4.876080,-1.376050,1.065158
1403638222.299268723,4.846713,-1.401547,1.075109
1403638222.349268913,4.832105,-1.414107,1.081331
1403638222.401268721,4.808818,-1.423731,1.086726
1403638222.450268745,4.795271,-1.434936,1.089718
1403638222.550268888,4.768705,-1.457582,1.092064
1403638222.598268747,4.757112,-1.467769,1.091271
1403638222.649268866,4.744428,-1.477620,1.089236
1403638222.700268745,4.732891,-1.486716,1.086007
1403638222.750268936,4.721458,-1.495091,1.081756
1403638222.846268892,4.693266,-1.507913,1.071478
1403638222.899268866,4.682891,-1.515180,1.064436
1403638222.948268890,4.673617,-1.521979,1.056629
1403638223.047268867,4.655543,-1.533664,1.040443
1403638223.097268820,4.646253,-1.539837,1.031394
1403638223.148268938,4.635828,-1.546062,1.022131
1403638223.198268890,4.620584,-1.550829,1.013183
1403638223.297268867,4.599124,-1.562647,0.998665
1403638223.347268820,4.588167,-1.568576,0.994663
1403638223.398268938,4.578321,-1.574922,0.992587
1403638223.447268724,4.567759,-1.580601,0.991743
1403638223.500268936,4.557831,-1.587320,0.990447
1403638223.550268888,4.541438,-1.591264,0.989531
1403638223.649268866,4.523480,-1.604214,0.984262
1403638223.700268745,4.515110,-1.611572,0.980644
1403638223.749268770,4.507753,-1.618896,0.976655
1403638223.800268888,4.501220,-1.626542,0.971769
1403638223.849268913,4.495054,-1.633137,0.966970
1403638223.900268793,4.486697,-1.639600,0.961541
1403638223.950268745,4.481137,-1.647025,0.955789
1403638224.047268867,4.471863,-1.662224,0.943512
1403638224.098268747,4.466947,-1.670323,0.936948
1403638224.148268938,4.463090,-1.678322,0.930188
1403638224.197268724,4.458347,-1.685642,0.923130
1403638224.298268795,4.448393,-1.698114,0.908025
1403638224.346268892,4.444224,-1.703470,0.900255
1403638224.398268938,4.440409,-1.707754,0.892237
1403638224.447268724,4.436922,-1.711191,0.884381
1403638224.499268770,4.432676,-1.713801,0.876677
1403638224.547268867,4.428873,-1.715586,0.869962
1403638224.600268841,4.426107,-1.717294,0.862821
1403638224.648268938,4.422731,-1.718031,0.856430
1403638224.696268797,4.418522,-1.718075,0.849985
1403638224.798268795,4.412187,-1.718155,0.836732
1403638224.847268820,4.410276,-1.717896,0.830586
1403638224.899268866,4.408071,-1.715424,0.824038
1403638224.948268890,4.406881,-1.713523,0.818546
1403638224.999268770,4.404919,-1.711183,0.814011
1403638225.048268795,4.403831,-1.709772,0.810479
1403638225.098268747,4.400067,-1.707209,0.807790
1403638225.146268845,4.399180,-1.705937,0.805910
1403638225.196268797,4.397602,-1.704012,0.804922
1403638225.299268723,4.397823,-1.700608,0.804841
1403638225.349268913,4.397830,-1.698290,0.806075
1403638225.396268845,4.397919,-1.696029,0.807977
1403638225.448268890,4.399137,-1.693951,0.810634
1403638225.551268816,4.401561,-1.690345,0.817288
1403638225.599268913,4.403461,-1.689320,0.820027
1403638225.651268721,4.404199,-1.687837,0.821124
1403638225.747268915,4.405596,-1.685357,0.817023
1403638225.797268867,4.405959,-1.684943,0.811386
1403638225.848268747,4.405205,-1.684045,0.804401
1403638225.899268866,4.404949,-1.683647,0.795026
1403638225.946268797,4.403660,-1.682654,0.784676
1403638225.997268915,4.401859,-1.681872,0.771867
1403638226.048268795,4.398817,-1.680805,0.757707
1403638226.098268747,4.395621,-1.679435,0.742252
1403638226.148268938,4.391151,-1.677839,0.725565
1403638226.200268745,4.387501,-1.676434,0.708182
1403638226.299268723,4.382566,-1.669727,0.696820
1403638226.400268793,4.386607,-1.659474,0.703587
1403638226.499268770,4.382490,-1.645121,0.692996
1403638226.549268723,4.377705,-1.643345,0.692820
1403638226.601268768,4.377088,-1.641569,0.691735
1403638226.646268845,4.377274,-1.641032,0.691655
1403638226.698268890,4.377070,-1.642018,0.692552
1403638226.797268867,4.377085,-1.641317,0.691210
1403638226.849268913,4.377223,-1.640875,0.691063
1403638226.899268866,4.377098,-1.641415,0.691483
1403638226.950268745,4.377078,-1.641751,0.692052
1403638226.999268770,4.377109,-1.641496,0.691703
1403638227.049268723,4.377127,-1.641254,0.691308
1403638227.099268913,4.377103,-1.641408,0.691494
1403638227.148268938,4.377140,-1.641337,0.691547
1403638227.250268936,4.377113,-1.641371,0.691473
1403638227.299268723,4.377091,-1.641429,0.691469
1403638227.348268747,4.377165,-1.641290,0.691588
1403638227.398268938,4.377169,-1.641272,0.691574
1403638227.446268797,4.377102,-1.641417,0.691504
1403638227.548268795,4.377165,-1.641282,0.691574
1403638227.598268747,4.377128,-1.641370,0.691551
1403638227.647268772,4.377121,-1.641370,0.691514
1403638227.698268890,4.377131,-1.641363,0.691555
1403638227.748268843,4.377136,-1.641370,0.691593
1403638227.800268888,4.377103,-1.641423,0.691524
1403638227.847268820,4.377100,-1.641449,0.691558
1403638227.899268866,4.377148,-1.641384,0.691689
1403638228.000268936,4.377105,-1.641450,0.691592
1403638228.049268723,4.377115,-1.641437,0.691614
1403638228.100268841,4.377121,-1.641411,0.691596
1403638228.147268772,4.377118,-1.641437,0.691632
1403638228.200268745,4.377118,-1.641424,0.691606
1403638228.297268867,4.377115,-1.641428,0.691597
1403638228.348268747,4.377101,-1.641454,0.691573
1403638228.446268797,4.377120,-1.641413,0.691596
1403638228.548268795,4.377115,-1.641429,0.691600
1403638228.597268820,4.377110,-1.641437,0.691592
1403638228.648268938,4.377099,-1.641449,0.691555
1403638228.698268890,4.377110,-1.641435,0.691586
1403638228.746268749,4.377124,-1.641417,0.691622
1403638228.798268795,4.377111,-1.641418,0.691555
1403638228.847268820,4.377100,-1.641455,0.691575
1403638228.896268845,4.377107,-1.641449,0.691598
1403638228.999268770,4.377107,-1.641444,0.691589
1403638229.047268867,4.377106,-1.641440,0.691575
1403638229.098268747,4.377130,-1.641390,0.691604
1403638229.149268866,4.377104,-1.641458,0.691598
1403638229.201268911,4.377112,-1.641418,0.691562
1403638229.299268723,4.377108,-1.641429,0.691565
1403638229.350268841,4.377129,-1.641384,0.691586
1403638229.401268721,4.377106,-1.641437,0.691569
1403638229.450268745,4.377119,-1.641404,0.691572
1403638229.499268770,4.377110,-1.641425,0.691564
1403638229.546268940,4.377109,-1.641436,0.691585
1403638229.647268772,4.377122,-1.641401,0.691584
1403638229.748268843,4.377120,-1.641428,0.691624
1403638229.797268867,4.377124,-1.641408,0.691604
1403638229.848268747,4.377102,-1.641443,0.691558
1403638229.900268793,4.377122,-1.641394,0.691568
